[
{
    "model": "simon_app.tracerouteresult",
    "pk": 161094,
    "fields": {
        "ip_origin": "200.2.189.114",
        "ip_destination": "186.224.33.60",
        "as_origin": 27775,
        "as_destination": 262756,
        "country_origin": "SR",
        "country_destination": "BR",
        "output": ""
    }
},
{
    "model": "simon_app.tracerouteresult",
    "pk": 161093,
    "fields": {
        "ip_origin": "189.4.75.36",
        "ip_destination": "45.176.212.41",
        "as_origin": 28573,
        "as_destination": 0,
        "country_origin": "BR",
        "country_destination": "XX",
        "output": ""
    }
},
{
    "model": "simon_app.probeapipingresult",
    "pk": 3766086,
    "fields": {
        "probeapi_probe_id": "8525afd8-ecbc-4ae8-8da1-d86e1f7a5472"
    }
},
{
    "model": "simon_app.results",
    "pk": 3766086,
    "fields": {
        "date_test": "2020-11-23T14:09:00.422Z",
        "version": 2,
        "ip_origin": "200.2.189.114",
        "ip_destination": "186.224.33.60",
        "testype": "traceroute",
        "number_probes": 9,
        "min_rtt": 208,
        "max_rtt": 212,
        "ave_rtt": 208,
        "dev_rtt": 1,
        "median_rtt": 208,
        "packet_loss": 0,
        "country_origin": "SR",
        "country_destination": "XX",
        "ip_version": 4,
        "tester": "probeapi",
        "tester_version": "2",
        "as_origin": 27775,
        "as_destination": 262756,
        "user_agent": "",
        "url": "",
        "url_host": ""
    }
},
{
    "model": "simon_app.probeapipingresult",
    "pk": 3766085,
    "fields": {
        "probeapi_probe_id": "8525afd8-ecbc-4ae8-8da1-d86e1f7a5472"
    }
},
{
    "model": "simon_app.results",
    "pk": 3766085,
    "fields": {
        "date_test": "2020-11-23T14:09:00.312Z",
        "version": 2,
        "ip_origin": "200.2.189.114",
        "ip_destination": "186.224.32.6",
        "testype": "traceroute",
        "number_probes": 10,
        "min_rtt": 207,
        "max_rtt": 212,
        "ave_rtt": 208,
        "dev_rtt": 1,
        "median_rtt": 208,
        "packet_loss": 0,
        "country_origin": "SR",
        "country_destination": "XX",
        "ip_version": 4,
        "tester": "probeapi",
        "tester_version": "2",
        "as_origin": 27775,
        "as_destination": 262756,
        "user_agent": "",
        "url": "",
        "url_host": ""
    }
},
{
    "model": "simon_app.probeapipingresult",
    "pk": 3766084,
    "fields": {
        "probeapi_probe_id": "8525afd8-ecbc-4ae8-8da1-d86e1f7a5472"
    }
},
{
    "model": "simon_app.results",
    "pk": 3766084,
    "fields": {
        "date_test": "2020-11-23T14:09:00.170Z",
        "version": 2,
        "ip_origin": "200.2.189.114",
        "ip_destination": "100.100.103.2",
        "testype": "traceroute",
        "number_probes": 10,
        "min_rtt": 207,
        "max_rtt": 212,
        "ave_rtt": 208,
        "dev_rtt": 1,
        "median_rtt": 208,
        "packet_loss": 0,
        "country_origin": "SR",
        "country_destination": "XX",
        "ip_version": 4,
        "tester": "probeapi",
        "tester_version": "2",
        "as_origin": 27775,
        "as_destination": 0,
        "user_agent": "",
        "url": "",
        "url_host": ""
    }
},
{
    "model": "simon_app.probeapipingresult",
    "pk": 3766083,
    "fields": {
        "probeapi_probe_id": "8525afd8-ecbc-4ae8-8da1-d86e1f7a5472"
    }
},
{
    "model": "simon_app.results",
    "pk": 3766083,
    "fields": {
        "date_test": "2020-11-23T14:09:00.022Z",
        "version": 2,
        "ip_origin": "200.2.189.114",
        "ip_destination": "172.16.40.82",
        "testype": "traceroute",
        "number_probes": 10,
        "min_rtt": 207,
        "max_rtt": 272,
        "ave_rtt": 214,
        "dev_rtt": 19,
        "median_rtt": 208,
        "packet_loss": 0,
        "country_origin": "SR",
        "country_destination": "XX",
        "ip_version": 4,
        "tester": "probeapi",
        "tester_version": "2",
        "as_origin": 27775,
        "as_destination": 0,
        "user_agent": "",
        "url": "",
        "url_host": ""
    }
},
{
    "model": "simon_app.probeapipingresult",
    "pk": 3766082,
    "fields": {
        "probeapi_probe_id": "8525afd8-ecbc-4ae8-8da1-d86e1f7a5472"
    }
},
{
    "model": "simon_app.results",
    "pk": 3766082,
    "fields": {
        "date_test": "2020-11-23T14:08:59.878Z",
        "version": 2,
        "ip_origin": "200.2.189.114",
        "ip_destination": "186.211.107.50",
        "testype": "traceroute",
        "number_probes": 10,
        "min_rtt": 209,
        "max_rtt": 213,
        "ave_rtt": 210,
        "dev_rtt": 1,
        "median_rtt": 210,
        "packet_loss": 0,
        "country_origin": "SR",
        "country_destination": "XX",
        "ip_version": 4,
        "tester": "probeapi",
        "tester_version": "2",
        "as_origin": 27775,
        "as_destination": 53062,
        "user_agent": "",
        "url": "",
        "url_host": ""
    }
},
{
    "model": "simon_app.probeapipingresult",
    "pk": 3766081,
    "fields": {
        "probeapi_probe_id": "8525afd8-ecbc-4ae8-8da1-d86e1f7a5472"
    }
},
{
    "model": "simon_app.results",
    "pk": 3766081,
    "fields": {
        "date_test": "2020-11-23T14:08:59.717Z",
        "version": 2,
        "ip_origin": "200.2.189.114",
        "ip_destination": "172.31.113.18",
        "testype": "traceroute",
        "number_probes": 10,
        "min_rtt": 209,
        "max_rtt": 224,
        "ave_rtt": 211,
        "dev_rtt": 4,
        "median_rtt": 209,
        "packet_loss": 0,
        "country_origin": "SR",
        "country_destination": "XX",
        "ip_version": 4,
        "tester": "probeapi",
        "tester_version": "2",
        "as_origin": 27775,
        "as_destination": 65530,
        "user_agent": "",
        "url": "",
        "url_host": ""
    }
},
{
    "model": "simon_app.probeapipingresult",
    "pk": 3766080,
    "fields": {
        "probeapi_probe_id": "8525afd8-ecbc-4ae8-8da1-d86e1f7a5472"
    }
},
{
    "model": "simon_app.results",
    "pk": 3766080,
    "fields": {
        "date_test": "2020-11-23T14:08:59.558Z",
        "version": 2,
        "ip_origin": "200.2.189.114",
        "ip_destination": "172.31.193.18",
        "testype": "traceroute",
        "number_probes": 10,
        "min_rtt": 204,
        "max_rtt": 239,
        "ave_rtt": 208,
        "dev_rtt": 10,
        "median_rtt": 205,
        "packet_loss": 0,
        "country_origin": "SR",
        "country_destination": "XX",
        "ip_version": 4,
        "tester": "probeapi",
        "tester_version": "2",
        "as_origin": 27775,
        "as_destination": 65530,
        "user_agent": "",
        "url": "",
        "url_host": ""
    }
},
{
    "model": "simon_app.probeapipingresult",
    "pk": 3766079,
    "fields": {
        "probeapi_probe_id": "8525afd8-ecbc-4ae8-8da1-d86e1f7a5472"
    }
},
{
    "model": "simon_app.results",
    "pk": 3766079,
    "fields": {
        "date_test": "2020-11-23T14:08:59.413Z",
        "version": 2,
        "ip_origin": "200.2.189.114",
        "ip_destination": "172.31.193.13",
        "testype": "traceroute",
        "number_probes": 10,
        "min_rtt": 199,
        "max_rtt": 254,
        "ave_rtt": 210,
        "dev_rtt": 16,
        "median_rtt": 201,
        "packet_loss": 0,
        "country_origin": "SR",
        "country_destination": "XX",
        "ip_version": 4,
        "tester": "probeapi",
        "tester_version": "2",
        "as_origin": 27775,
        "as_destination": 65530,
        "user_agent": "",
        "url": "",
        "url_host": ""
    }
},
{
    "model": "simon_app.probeapipingresult",
    "pk": 3766078,
    "fields": {
        "probeapi_probe_id": "8525afd8-ecbc-4ae8-8da1-d86e1f7a5472"
    }
},
{
    "model": "simon_app.results",
    "pk": 3766078,
    "fields": {
        "date_test": "2020-11-23T14:08:59.265Z",
        "version": 2,
        "ip_origin": "200.2.189.114",
        "ip_destination": "172.21.1.22",
        "testype": "traceroute",
        "number_probes": 10,
        "min_rtt": 197,
        "max_rtt": 204,
        "ave_rtt": 199,
        "dev_rtt": 2,
        "median_rtt": 198,
        "packet_loss": 0,
        "country_origin": "SR",
        "country_destination": "XX",
        "ip_version": 4,
        "tester": "probeapi",
        "tester_version": "2",
        "as_origin": 27775,
        "as_destination": 0,
        "user_agent": "",
        "url": "",
        "url_host": ""
    }
},
{
    "model": "simon_app.probeapipingresult",
    "pk": 3766077,
    "fields": {
        "probeapi_probe_id": "8525afd8-ecbc-4ae8-8da1-d86e1f7a5472"
    }
},
{
    "model": "simon_app.results",
    "pk": 3766077,
    "fields": {
        "date_test": "2020-11-23T14:08:59.110Z",
        "version": 2,
        "ip_origin": "200.2.189.114",
        "ip_destination": "172.21.1.250",
        "testype": "traceroute",
        "number_probes": 10,
        "min_rtt": 198,
        "max_rtt": 222,
        "ave_rtt": 205,
        "dev_rtt": 8,
        "median_rtt": 201,
        "packet_loss": 0,
        "country_origin": "SR",
        "country_destination": "XX",
        "ip_version": 4,
        "tester": "probeapi",
        "tester_version": "2",
        "as_origin": 27775,
        "as_destination": 0,
        "user_agent": "",
        "url": "",
        "url_host": ""
    }
},
{
    "model": "simon_app.probeapipingresult",
    "pk": 3766076,
    "fields": {
        "probeapi_probe_id": "8525afd8-ecbc-4ae8-8da1-d86e1f7a5472"
    }
},
{
    "model": "simon_app.results",
    "pk": 3766076,
    "fields": {
        "date_test": "2020-11-23T14:08:58.960Z",
        "version": 2,
        "ip_origin": "200.2.189.114",
        "ip_destination": "8.243.46.126",
        "testype": "traceroute",
        "number_probes": 10,
        "min_rtt": 197,
        "max_rtt": 208,
        "ave_rtt": 199,
        "dev_rtt": 3,
        "median_rtt": 199,
        "packet_loss": 0,
        "country_origin": "SR",
        "country_destination": "XX",
        "ip_version": 4,
        "tester": "probeapi",
        "tester_version": "2",
        "as_origin": 27775,
        "as_destination": 3356,
        "user_agent": "",
        "url": "",
        "url_host": ""
    }
},
{
    "model": "simon_app.probeapipingresult",
    "pk": 3766075,
    "fields": {
        "probeapi_probe_id": "8525afd8-ecbc-4ae8-8da1-d86e1f7a5472"
    }
},
{
    "model": "simon_app.results",
    "pk": 3766075,
    "fields": {
        "date_test": "2020-11-23T14:08:58.798Z",
        "version": 2,
        "ip_origin": "200.2.189.114",
        "ip_destination": "4.69.215.138",
        "testype": "traceroute",
        "number_probes": 10,
        "min_rtt": 213,
        "max_rtt": 219,
        "ave_rtt": 214,
        "dev_rtt": 1,
        "median_rtt": 214,
        "packet_loss": 0,
        "country_origin": "SR",
        "country_destination": "XX",
        "ip_version": 4,
        "tester": "probeapi",
        "tester_version": "2",
        "as_origin": 27775,
        "as_destination": 3356,
        "user_agent": "",
        "url": "",
        "url_host": ""
    }
},
{
    "model": "simon_app.probeapipingresult",
    "pk": 3766074,
    "fields": {
        "probeapi_probe_id": "8525afd8-ecbc-4ae8-8da1-d86e1f7a5472"
    }
},
{
    "model": "simon_app.results",
    "pk": 3766074,
    "fields": {
        "date_test": "2020-11-23T14:08:58.643Z",
        "version": 2,
        "ip_origin": "200.2.189.114",
        "ip_destination": "0.0.0.0",
        "testype": "traceroute",
        "number_probes": 9,
        "min_rtt": 82,
        "max_rtt": 89,
        "ave_rtt": 83,
        "dev_rtt": 2,
        "median_rtt": 83,
        "packet_loss": 0,
        "country_origin": "SR",
        "country_destination": "XX",
        "ip_version": 4,
        "tester": "probeapi",
        "tester_version": "2",
        "as_origin": 27775,
        "as_destination": 0,
        "user_agent": "",
        "url": "",
        "url_host": ""
    }
},
{
    "model": "simon_app.probeapipingresult",
    "pk": 3766073,
    "fields": {
        "probeapi_probe_id": "8525afd8-ecbc-4ae8-8da1-d86e1f7a5472"
    }
},
{
    "model": "simon_app.results",
    "pk": 3766073,
    "fields": {
        "date_test": "2020-11-23T14:08:58.495Z",
        "version": 2,
        "ip_origin": "200.2.189.114",
        "ip_destination": "129.250.3.142",
        "testype": "traceroute",
        "number_probes": 2,
        "min_rtt": 83,
        "max_rtt": 84,
        "ave_rtt": 83,
        "dev_rtt": 0,
        "median_rtt": 83,
        "packet_loss": 0,
        "country_origin": "SR",
        "country_destination": "XX",
        "ip_version": 4,
        "tester": "probeapi",
        "tester_version": "2",
        "as_origin": 27775,
        "as_destination": 2914,
        "user_agent": "",
        "url": "",
        "url_host": ""
    }
},
{
    "model": "simon_app.probeapipingresult",
    "pk": 3766072,
    "fields": {
        "probeapi_probe_id": "8525afd8-ecbc-4ae8-8da1-d86e1f7a5472"
    }
},
{
    "model": "simon_app.results",
    "pk": 3766072,
    "fields": {
        "date_test": "2020-11-23T14:08:58.353Z",
        "version": 2,
        "ip_origin": "200.2.189.114",
        "ip_destination": "129.250.3.209",
        "testype": "traceroute",
        "number_probes": 1,
        "min_rtt": 83,
        "max_rtt": 83,
        "ave_rtt": 83,
        "dev_rtt": 0,
        "median_rtt": 83,
        "packet_loss": 0,
        "country_origin": "SR",
        "country_destination": "XX",
        "ip_version": 4,
        "tester": "probeapi",
        "tester_version": "2",
        "as_origin": 27775,
        "as_destination": 2914,
        "user_agent": "",
        "url": "",
        "url_host": ""
    }
},
{
    "model": "simon_app.probeapipingresult",
    "pk": 3766071,
    "fields": {
        "probeapi_probe_id": "8525afd8-ecbc-4ae8-8da1-d86e1f7a5472"
    }
},
{
    "model": "simon_app.results",
    "pk": 3766071,
    "fields": {
        "date_test": "2020-11-23T14:08:58.192Z",
        "version": 2,
        "ip_origin": "200.2.189.114",
        "ip_destination": "129.250.207.53",
        "testype": "traceroute",
        "number_probes": 10,
        "min_rtt": 83,
        "max_rtt": 95,
        "ave_rtt": 86,
        "dev_rtt": 4,
        "median_rtt": 84,
        "packet_loss": 0,
        "country_origin": "SR",
        "country_destination": "XX",
        "ip_version": 4,
        "tester": "probeapi",
        "tester_version": "2",
        "as_origin": 27775,
        "as_destination": 2914,
        "user_agent": "",
        "url": "",
        "url_host": ""
    }
},
{
    "model": "simon_app.probeapipingresult",
    "pk": 3766070,
    "fields": {
        "probeapi_probe_id": "8525afd8-ecbc-4ae8-8da1-d86e1f7a5472"
    }
},
{
    "model": "simon_app.results",
    "pk": 3766070,
    "fields": {
        "date_test": "2020-11-23T14:08:58.034Z",
        "version": 2,
        "ip_origin": "200.2.189.114",
        "ip_destination": "129.250.207.54",
        "testype": "traceroute",
        "number_probes": 10,
        "min_rtt": 82,
        "max_rtt": 86,
        "ave_rtt": 83,
        "dev_rtt": 1,
        "median_rtt": 83,
        "packet_loss": 0,
        "country_origin": "SR",
        "country_destination": "XX",
        "ip_version": 4,
        "tester": "probeapi",
        "tester_version": "2",
        "as_origin": 27775,
        "as_destination": 2914,
        "user_agent": "",
        "url": "",
        "url_host": ""
    }
},
{
    "model": "simon_app.probeapipingresult",
    "pk": 3766069,
    "fields": {
        "probeapi_probe_id": "8525afd8-ecbc-4ae8-8da1-d86e1f7a5472"
    }
},
{
    "model": "simon_app.results",
    "pk": 3766069,
    "fields": {
        "date_test": "2020-11-23T14:08:57.903Z",
        "version": 2,
        "ip_origin": "200.2.189.114",
        "ip_destination": "200.2.162.121",
        "testype": "traceroute",
        "number_probes": 10,
        "min_rtt": 14,
        "max_rtt": 24,
        "ave_rtt": 15,
        "dev_rtt": 2,
        "median_rtt": 14,
        "packet_loss": 0,
        "country_origin": "SR",
        "country_destination": "XX",
        "ip_version": 4,
        "tester": "probeapi",
        "tester_version": "2",
        "as_origin": 27775,
        "as_destination": 27775,
        "user_agent": "",
        "url": "",
        "url_host": ""
    }
},
{
    "model": "simon_app.probeapitracerouteresult",
    "pk": 161094,
    "fields": {}
},
{
    "model": "simon_app.probeapipingresult",
    "pk": 3766068,
    "fields": {
        "probeapi_probe_id": "8525afd8-ecbc-4ae8-8da1-d86e1f7a5472"
    }
},
{
    "model": "simon_app.results",
    "pk": 3766068,
    "fields": {
        "date_test": "2020-11-23T14:08:57.742Z",
        "version": 2,
        "ip_origin": "200.2.189.114",
        "ip_destination": "200.2.162.122",
        "testype": "traceroute",
        "number_probes": 10,
        "min_rtt": 13,
        "max_rtt": 18,
        "ave_rtt": 14,
        "dev_rtt": 1,
        "median_rtt": 14,
        "packet_loss": 0,
        "country_origin": "SR",
        "country_destination": "XX",
        "ip_version": 4,
        "tester": "probeapi",
        "tester_version": "2",
        "as_origin": 27775,
        "as_destination": 27775,
        "user_agent": "",
        "url": "",
        "url_host": ""
    }
},
{
    "model": "simon_app.probeapipingresult",
    "pk": 3766067,
    "fields": {
        "probeapi_probe_id": "95d54b64-5d13-4d46-a45b-837e05a08419"
    }
},
{
    "model": "simon_app.results",
    "pk": 3766067,
    "fields": {
        "date_test": "2020-11-23T14:08:57.542Z",
        "version": 2,
        "ip_origin": "189.4.75.36",
        "ip_destination": "45.176.212.41",
        "testype": "traceroute",
        "number_probes": 9,
        "min_rtt": 38,
        "max_rtt": 42,
        "ave_rtt": 39,
        "dev_rtt": 1,
        "median_rtt": 40,
        "packet_loss": 0,
        "country_origin": "BR",
        "country_destination": "XX",
        "ip_version": 4,
        "tester": "probeapi",
        "tester_version": "2",
        "as_origin": 28573,
        "as_destination": 0,
        "user_agent": "",
        "url": "",
        "url_host": ""
    }
},
{
    "model": "simon_app.probeapipingresult",
    "pk": 3766066,
    "fields": {
        "probeapi_probe_id": "95d54b64-5d13-4d46-a45b-837e05a08419"
    }
},
{
    "model": "simon_app.results",
    "pk": 3766066,
    "fields": {
        "date_test": "2020-11-23T14:08:57.396Z",
        "version": 2,
        "ip_origin": "189.4.75.36",
        "ip_destination": "45.176.212.6",
        "testype": "traceroute",
        "number_probes": 10,
        "min_rtt": 38,
        "max_rtt": 41,
        "ave_rtt": 39,
        "dev_rtt": 0,
        "median_rtt": 40,
        "packet_loss": 0,
        "country_origin": "BR",
        "country_destination": "XX",
        "ip_version": 4,
        "tester": "probeapi",
        "tester_version": "2",
        "as_origin": 28573,
        "as_destination": 0,
        "user_agent": "",
        "url": "",
        "url_host": ""
    }
},
{
    "model": "simon_app.probeapipingresult",
    "pk": 3766065,
    "fields": {
        "probeapi_probe_id": "95d54b64-5d13-4d46-a45b-837e05a08419"
    }
},
{
    "model": "simon_app.results",
    "pk": 3766065,
    "fields": {
        "date_test": "2020-11-23T14:08:57.238Z",
        "version": 2,
        "ip_origin": "189.4.75.36",
        "ip_destination": "186.232.176.98",
        "testype": "traceroute",
        "number_probes": 10,
        "min_rtt": 38,
        "max_rtt": 41,
        "ave_rtt": 39,
        "dev_rtt": 0,
        "median_rtt": 40,
        "packet_loss": 0,
        "country_origin": "BR",
        "country_destination": "XX",
        "ip_version": 4,
        "tester": "probeapi",
        "tester_version": "2",
        "as_origin": 28573,
        "as_destination": 262772,
        "user_agent": "",
        "url": "",
        "url_host": ""
    }
},
{
    "model": "simon_app.probeapipingresult",
    "pk": 3766064,
    "fields": {
        "probeapi_probe_id": "95d54b64-5d13-4d46-a45b-837e05a08419"
    }
},
{
    "model": "simon_app.results",
    "pk": 3766064,
    "fields": {
        "date_test": "2020-11-23T14:08:57.080Z",
        "version": 2,
        "ip_origin": "189.4.75.36",
        "ip_destination": "189.4.64.13",
        "testype": "traceroute",
        "number_probes": 10,
        "min_rtt": 14,
        "max_rtt": 25,
        "ave_rtt": 16,
        "dev_rtt": 3,
        "median_rtt": 15,
        "packet_loss": 0,
        "country_origin": "BR",
        "country_destination": "XX",
        "ip_version": 4,
        "tester": "probeapi",
        "tester_version": "2",
        "as_origin": 28573,
        "as_destination": 28573,
        "user_agent": "",
        "url": "",
        "url_host": ""
    }
},
{
    "model": "simon_app.probeapitracerouteresult",
    "pk": 161093,
    "fields": {}
},
{
    "model": "simon_app.probeapipingresult",
    "pk": 3766063,
    "fields": {
        "probeapi_probe_id": "95d54b64-5d13-4d46-a45b-837e05a08419"
    }
},
{
    "model": "simon_app.results",
    "pk": 3766063,
    "fields": {
        "date_test": "2020-11-23T14:08:56.929Z",
        "version": 2,
        "ip_origin": "189.4.75.36",
        "ip_destination": "189.4.64.1",
        "testype": "traceroute",
        "number_probes": 10,
        "min_rtt": 13,
        "max_rtt": 18,
        "ave_rtt": 14,
        "dev_rtt": 1,
        "median_rtt": 14,
        "packet_loss": 0,
        "country_origin": "BR",
        "country_destination": "XX",
        "ip_version": 4,
        "tester": "probeapi",
        "tester_version": "2",
        "as_origin": 28573,
        "as_destination": 28573,
        "user_agent": "",
        "url": "",
        "url_host": ""
    }
},
{
    "model": "simon_app.probeapitraceroutehop",
    "pk": 3766086,
    "fields": {
        "hop_number": 19,
        "traceroute_result": 161094
    }
},
{
    "model": "simon_app.probeapitraceroutehop",
    "pk": 3766085,
    "fields": {
        "hop_number": 18,
        "traceroute_result": 161094
    }
},
{
    "model": "simon_app.probeapitraceroutehop",
    "pk": 3766084,
    "fields": {
        "hop_number": 17,
        "traceroute_result": 161094
    }
},
{
    "model": "simon_app.probeapitraceroutehop",
    "pk": 3766083,
    "fields": {
        "hop_number": 16,
        "traceroute_result": 161094
    }
},
{
    "model": "simon_app.probeapitraceroutehop",
    "pk": 3766082,
    "fields": {
        "hop_number": 15,
        "traceroute_result": 161094
    }
},
{
    "model": "simon_app.probeapitraceroutehop",
    "pk": 3766081,
    "fields": {
        "hop_number": 14,
        "traceroute_result": 161094
    }
},
{
    "model": "simon_app.probeapitraceroutehop",
    "pk": 3766080,
    "fields": {
        "hop_number": 13,
        "traceroute_result": 161094
    }
},
{
    "model": "simon_app.probeapitraceroutehop",
    "pk": 3766079,
    "fields": {
        "hop_number": 12,
        "traceroute_result": 161094
    }
},
{
    "model": "simon_app.probeapitraceroutehop",
    "pk": 3766078,
    "fields": {
        "hop_number": 11,
        "traceroute_result": 161094
    }
},
{
    "model": "simon_app.probeapitraceroutehop",
    "pk": 3766077,
    "fields": {
        "hop_number": 10,
        "traceroute_result": 161094
    }
},
{
    "model": "simon_app.probeapitraceroutehop",
    "pk": 3766076,
    "fields": {
        "hop_number": 9,
        "traceroute_result": 161094
    }
},
{
    "model": "simon_app.probeapitraceroutehop",
    "pk": 3766075,
    "fields": {
        "hop_number": 8,
        "traceroute_result": 161094
    }
},
{
    "model": "simon_app.probeapitraceroutehop",
    "pk": 3766074,
    "fields": {
        "hop_number": 7,
        "traceroute_result": 161094
    }
},
{
    "model": "simon_app.probeapitraceroutehop",
    "pk": 3766073,
    "fields": {
        "hop_number": 6,
        "traceroute_result": 161094
    }
},
{
    "model": "simon_app.probeapitraceroutehop",
    "pk": 3766072,
    "fields": {
        "hop_number": 5,
        "traceroute_result": 161094
    }
},
{
    "model": "simon_app.probeapitraceroutehop",
    "pk": 3766071,
    "fields": {
        "hop_number": 4,
        "traceroute_result": 161094
    }
},
{
    "model": "simon_app.probeapitraceroutehop",
    "pk": 3766070,
    "fields": {
        "hop_number": 3,
        "traceroute_result": 161094
    }
},
{
    "model": "simon_app.probeapitraceroutehop",
    "pk": 3766069,
    "fields": {
        "hop_number": 2,
        "traceroute_result": 161094
    }
},
{
    "model": "simon_app.probeapitraceroutehop",
    "pk": 3766068,
    "fields": {
        "hop_number": 1,
        "traceroute_result": 161094
    }
},
{
    "model": "simon_app.probeapitraceroutehop",
    "pk": 3766067,
    "fields": {
        "hop_number": 13,
        "traceroute_result": 161093
    }
},
{
    "model": "simon_app.probeapitraceroutehop",
    "pk": 3766066,
    "fields": {
        "hop_number": 12,
        "traceroute_result": 161093
    }
},
{
    "model": "simon_app.probeapitraceroutehop",
    "pk": 3766065,
    "fields": {
        "hop_number": 11,
        "traceroute_result": 161093
    }
},
{
    "model": "simon_app.probeapitraceroutehop",
    "pk": 3766064,
    "fields": {
        "hop_number": 2,
        "traceroute_result": 161093
    }
},
{
    "model": "simon_app.probeapitraceroutehop",
    "pk": 3766063,
    "fields": {
        "hop_number": 1,
        "traceroute_result": 161093
    }
}
]
